Channels,Layers,Runtime,TrainAcc,TestAcc
2,1,19.87312602996826,0.27149213031622255,0.25879004353164414
